year,program_id,category,title,session,authors_affiliations,doi,doi_url,abstract_source_url,abstract_summary_ko,abstract_note
2023,S02-03,adjacent,Effect of Surface Roughness of Polymer Dielectric Materials on Resolution of Fine Line Features,Session 02 - High-Performance Packaging Materials,"Pragna Bhaskar, Mohanalingam Kathaperumal, Christopher Blancher, Mark Losego, Madhavan Swaminathan - Georgia Institute of Technology",10.1109/ectc51909.2023.00017,https://doi.org/10.1109/ectc51909.2023.00017,https://www.semanticscholar.org/paper/0a05ff243472c5cadc32170bea47b3d0e3cf6e3e,3D 프로파일러와 AFM으로 저유전 폴리머의 길이척도별 거칠기를 재고 미세 RDL 선폭 형성 결과와 상관시켰다.,
2023,S03-02,adjacent,Fine Pitch Die-to-Wafer Hybrid Bonding,Session 03 - Advancements in Copper/Silicon-Oxide Hybrid Bonding,"Thomas Workman, Jeremy Theil, Gill Fountain, Dominik Suwito, Cyprian Uzoh, Guilian Gao, K. M. Bang, Bongsub Lee, Laura Mirkarimi - Adeia",10.1109/ectc51909.2023.00023,https://doi.org/10.1109/ectc51909.2023.00023,https://www.semanticscholar.org/paper/91c0f3e056475d939bfa84802c80ac538114d2ba,7 µm 피치 D2W 하이브리드 본딩을 전기저항·CSAM·단면 현미경으로 교차 검사해 정렬 수율과 보이드 결함도를 평가했다.,
2023,S04-04,adjacent,A Methodology to Optimize Laser Dicing Parameters to Maximize Dicing Quality Through Machine Learning,Session 04 - Assembly and Manufacturing Process Enhancement,"Sathya Raghavan, Aakrati Jain, Prabudhya Roy Chowdhury, Katsuyuki Sakuma - IBM Research; Roman Doll, Kees Biesheuvel, Faysal Boughorbel, Jeroen Van Borkulo, Mark Mueller - ASMPT ALSI B.V.",10.1109/ectc51909.2023.00032,https://doi.org/10.1109/ectc51909.2023.00032,https://www.semanticscholar.org/paper/a23626b24906c5e1c8ffa9f4236093cc766c435a,레이저 다이싱 폭과 다이 강도를 반복 측정해 학습한 랜덤포레스트 대리모델로 다이싱 품질의 공정창을 최적화했다.,
2023,S05-02,core,Addressing sub-Micron Thermal Warpage: Industrial Application on Semiconductor Devices,Session 05 - Underfilling and Chip-Package-Interaction,"Safia Benkoula - STMicroelectronics; Rodolfo Cruz, Pierre Vernhes - INSIDIX",10.1109/ectc51909.2023.00037,https://doi.org/10.1109/ectc51909.2023.00037,https://www.semanticscholar.org/paper/e3b60dde1e338b9e0f4033651380a24bded65baa,투명·반투명 광학 패키지도 별도 표면 처리 없이 서브마이크론 열 변형을 재도록 OCT 기반 워페이지 계측법을 제안했다.,
2023,S05-03,adjacent,Optimization of 2.2D Underfill Process by Novel Methodology and Direct Observation of Capillary Underfill Process,Session 05 - Underfilling and Chip-Package-Interaction,"Chia-Peng Sun, Yu-En Liang - CoreTech System (Moldex3D); Dyi-Chung Hu, Er-Hao Chen - SiPlus Co., Ltd.; Jeffrey ChangBing Lee - iST-Integrated Service Technology, Inc.; Srikar Vallury - Moldex3D Northern America, Inc.",10.1109/ectc51909.2023.00038,https://doi.org/10.1109/ectc51909.2023.00038,https://www.semanticscholar.org/paper/f3dbe039035946ce5355ba82a9810a15b6eadd73,모세관 언더필의 이동 전면을 in-situ 관찰하고 3D CAE 예측과 대조해 디스펜싱 대기시간을 줄였다.,
2023,S08-01,core,A New Vibration Test Method for Automotive and Consumer Electronic Devices: Calibration and Fatigue Test,Session 08 - Novel Reliability Test Methods,"Dongji Xie, Joe Hai - Nvidia Corporation; Andy Zhang - Texas Instruments, Inc.; Jeffrey Lee - iST-Integrated Service Technology, Inc.; Romuald Roucou - NXP Semiconductor, Inc.; Xue Shi - Bosch Automotive Products Co., Ltd.; Sushil Doranga - Lamar University; Valeriy Khaldarov - ASONIKA, LLC",10.1109/ectc51909.2023.00056,https://doi.org/10.1109/ectc51909.2023.00056,https://www.semanticscholar.org/paper/aefd0da5f705d332c227b4829247a8aab7ba3c31,5개 시험소에서 가속도·변형률·피로 파손을 교차 비교해 자동차·소비자 전자기기용 진동 시험의 교정성과 재현성을 검증했다.,
2023,S08-02,core,Magnetic Force-Based Measurement Technique to Investigate the Effect of Lead-Free Solder Intermetallic Compounds (IMC) on Interconnect Reliability,Session 08 - Novel Reliability Test Methods,"Rui Chen, Suresh Sitaraman - Georgia Institute of Technology; Nicholas Ginga - University of Alabama in Huntsville",10.1109/ectc51909.2023.00057,https://doi.org/10.1109/ectc51909.2023.00057,https://www.semanticscholar.org/paper/3f0af6fc40e3df5832d1ed6502510448493dc640,솔더볼에 소형 자석을 붙여 비접촉 하중을 가하는 저비용 측정법으로 IMC 두께 증가에 따른 접합 강도 저하를 정량화했다.,
2023,S08-03,core,Residual Stress Measurement of Build-Up Layer in Silicon Wafers,Session 08 - Novel Reliability Test Methods,"Junbo Yang, Chongyang Cai, Yangyang Lai, Jong Hwan Ha, Seungbae Park - Binghamton University; Huayan Wang, Suresh Ramalingam, Gamal Refai-Ahmed - Advanced Micro Devices, Inc.",10.1109/ectc51909.2023.00058,https://doi.org/10.1109/ectc51909.2023.00058,https://www.semanticscholar.org/paper/154057d4552d6db2326198a353fca5d3d627c748,두께·온도별 칩 워페이지 측정값을 유한요소 모델과 역대조해 빌드업층의 잔류응력과 유효 물성을 추정했다.,
2023,S08-04,core,Chip Level Evaluation of Wafer-to-Wafer Direct Bonding Strength with Bending test,Session 08 - Novel Reliability Test Methods,"Juno Kim, Kyungmin Baek, Min-soo Han, Kyeongbin Lim, Minwoo Daniel Rhee - Samsung Electronics Co., Ltd.-Mechatronics Research",10.1109/ectc51909.2023.00059,https://doi.org/10.1109/ectc51909.2023.00059,https://www.semanticscholar.org/paper/092caf273ded81ad9a7bc60d8c233eb847a9fb5d,기존 DCB가 보기 어려운 웨이퍼 중앙부까지 평가하도록 칩 단위 3점 굽힘과 파괴역학 해석을 결합한 직접접합 강도 측정법을 만들었다.,
2023,S08-05,core,In-Situ Observation of Microscale Crack-Tip Strain Field Evolution in Underfill with Different Toughening Agents via SEM-DIC Coupled Method,Session 08 - Novel Reliability Test Methods,"Xuecheng Yu, Gang Li, Yixuan Fan, Rong sun - Chinese Academy of Science-Shenzhen Institute of Advanced Technology",,,,제목 기준: SEM 안에서 DIC를 함께 사용해 강화제가 다른 언더필의 미세 균열 선단 변형률장을 실시간 관찰하는 방법을 다룬다.,공개 초록 미확보; 한국어 문장은 제목 기준 설명
2023,S08-06,adjacent,Experimental Identification of the Failure Modes and Failure Mechanisms of Fiber to Waveguide Couplings Under Cyclic Tensile Loading,Session 08 - Novel Reliability Test Methods,"Assane Dione, Jean-Francois Morissette, Julien Sylvestre, Patrick Jacques - University of Sherbrooke; Richard Langlois, Papa Momar Souare - IBM Canada, Ltd.",10.1109/ectc51909.2023.00061,https://doi.org/10.1109/ectc51909.2023.00061,https://www.semanticscholar.org/paper/fdc07799a66f6515d5bb7d9ae0be3d7575dcc2e9,광섬유-도파로 결합부를 반복 인장하며 12채널 삽입손실을 연속 측정해 박리·미끄럼·섬유 파단의 고장 모드를 분리했다.,
2023,S08-07,core,A Predictive Metallographic Means to Identify the Relative Risk of Failure for Plated Micro Vias,Session 08 - Novel Reliability Test Methods,"Roger Massey, Tobias Bernhard, Kilian Klaeden, Sebastian Zarwell, Edith Steinhaeuser, Sascha Dieter, Stefan Kempa, Frank Bruening - MKS Atotech",10.1109/ectc51909.2023.00062,https://doi.org/10.1109/ectc51909.2023.00062,https://www.semanticscholar.org/paper/e5640a204b63a43a4f5b15035632fd9d117a3c9a,도금 마이크로비아 단면의 금속조직 특징을 이용해 열사이클 이전에 상대적 파손 위험을 가려내는 예측형 분석 절차를 제안했다.,
2023,S10-06,core,New Methodology Assessment of Copper Trace and Solder Joint Fatigue Failures in Board-Level Random Vibrations for Automotive Applications,Session 10 - Packaging Interconnects,"Valeriy Khaldarov, Alexander Shalumov - ASONIKA, LLC; Andy Zhang - Texas Instruments, Inc.; Dongji Xie, Minghong Jian - Nvidia Corporation; Jeffrey Lee - iST-Integrated Service Technology, Inc.; Xue Shi - Bosch Automotive Products Co., Ltd.; Romuald Roucou - NXP Semiconductor, Inc.; Sushil Doranga - Lamar University; Brian Kelly - Advanced Micro Devices, Inc.",10.1109/ectc51909.2023.00075,https://doi.org/10.1109/ectc51909.2023.00075,https://www.semanticscholar.org/paper/da9476183d22ad367398ac555f5e3e959897ae51,보드 무작위 진동에서 구리 배선과 솔더 조인트의 피로 파손을 분리·평가하고 시험과 해석을 연결하는 새 방법론을 검토했다.,
2023,S11-01,adjacent,Electromechanical and Thermal Characterization of Printed Liquid Metal Ink on Stretchable Substrate for Soft Robotics Multi-Sensing Applications,Session 11 - Additive Manufacturing and Packaging for Flexible Electronics,"El Mehdi Abbara, Mohammed Alhendi, Riadh Al-haidari, Nathaniel Gee, Mark Poliks - Binghamton University; Emily Boggs, Tan Yewteck, Deepak Trivedi - GE Research; Zachary Farrell, Christopher Tabor - AFRL",10.1109/ectc51909.2023.00077,https://doi.org/10.1109/ectc51909.2023.00077,https://www.semanticscholar.org/paper/df9bcc9c45b677f3e79044c3e2a6f85141f35266,신축 기판에 인쇄한 액체금속 잉크의 변형-전기 응답과 열·기계 특성을 측정해 소프트 로봇 센싱 적합성을 평가했다.,
2023,S11-03,adjacent,Additively Manufactured Flexible Material Characterization and On-Demand “Smart” Packaging Topologies for 5G/mmWave Wearable Applications,Session 11 - Additive Manufacturing and Packaging for Flexible Electronics,"Kexin Hu, Yi Zhou, Suresh Sitaraman, Manos Tentzeris - Georgia Institute of Technology",10.1109/ectc51909.2023.00079,https://doi.org/10.1109/ectc51909.2023.00079,https://www.semanticscholar.org/paper/564f1885f233612bc3ee8bc23e87e04c4030b67d,적층제조한 유연 소재의 전기·기계 물성을 특성화하고 5G/mmWave 웨어러블 패키지 설계에 반영했다.,
2023,S12-06,core,A Novel Approach to Measure and Characterize Radiation Patterns of Antenna-in-Package,Session 12 - mm Wave Antenna-in-Package and Arrays,"Aditya Jogalekar, Oscar Medina, Andrew Blanchard, Rashaunda Henderson - University of Texas, Dallas; Mahadevan Iyer - Amkor Technology, Inc.; Rajen Murugan, Harshpreet Bakshi, Hassan Ali - Texas Instruments, Inc.",10.1109/ectc51909.2023.00089,https://doi.org/10.1109/ectc51909.2023.00089,https://www.semanticscholar.org/paper/2b9bafef91b2fdae5cdf864e0eceb291978953ac,Antenna-in-Package의 방사 패턴을 실제 사용 조건에 가깝게 측정·특성화하기 위한 새로운 장치 구성과 보정 접근을 제시했다.,
2023,S13-06,adjacent,Thermal and Mechanical Characterization of Embedded PTCQ Packaging Test Chip Die,Session 13 - Wafer/Panel-Level and Advanced Substrate Technologies,"Gerald Weis, Timo Schwarz, Johannes Stahr, Andreas Zluc - AT&S AG; Vladimir Cherman, Geert Van der Plas - imec",10.1109/ectc51909.2023.00096,https://doi.org/10.1109/ectc51909.2023.00096,https://www.semanticscholar.org/paper/8ede6709f980b9c639fd6ca265a3f828c91cb714,내장 PTCQ 시험칩의 온도·하중 응답을 실험과 열기계 해석으로 비교해 패키지 물성을 검증했다.,
2023,S14-01,adjacent,Characterization of 300 mm Low Temperature SiCN PVD Films for Hybrid Bonding Application,Session 14 - Advances in Heterogeneous Integration Bonding Technology,"Xavier Brun, Md M. Hasan - Intel Corporation; Patrick Carazzetti, Carl Drechsel, Ewald Strolz - Evatec AG",10.1109/ectc51909.2023.00098,https://doi.org/10.1109/ectc51909.2023.00098,https://www.semanticscholar.org/paper/d17dc656c97edd4467bbb70be1e37290aa27b2b0,300 mm 저온 PVD SiCN 막의 조성·표면·접합 관련 물성을 측정해 하이브리드 본딩 적용 가능성을 평가했다.,
2023,S14-07,adjacent,Micro-Structure Analysis of Solder Joint Using Room Temperature Laser-Assisted Bonding (LAB) Process,Session 14 - Advances in Heterogeneous Integration Bonding Technology,"Yoon Hwan Moon, Jiho Joo, Gwang-Mun Choi, Chanmi Lee, Ki-Seok Jang, Jin-Hyuk Oh, In-Seok Kye, Yong-Sung Eom, Kwang-Seong Choi - Electronics Telecommunications Research Institute; Yong-Jun Oh - Hanbat National University",10.1109/ectc51909.2023.00104,https://doi.org/10.1109/ectc51909.2023.00104,https://www.semanticscholar.org/paper/5ca124484f08891f8e0cca64e033c0e3fe2b3c45,상온 레이저 보조 본딩으로 만든 솔더 조인트의 미세조직과 계면을 현미경·성분 분석으로 비교했다.,
2023,S17-04,core,Substrate Copper Trace Crack Characterization and Simulation,Session 17 - Advanced Reliability Modelling and Characterization,"Wei Yu, Faxing Che, Yeow Chon Ong, Hong Wan Ng - Micron Semiconductor Asia Operations Pte. Ltd; Vance Liu, Milly Lin, Jay Lin - Micron Memory Taiwan Co., Ltd.; Brad Rumsey, Christopher Glancey - Micron Technology, Inc.",10.1109/ectc51909.2023.00122,https://doi.org/10.1109/ectc51909.2023.00122,https://www.semanticscholar.org/paper/1c2530e1d1b85154badf7febc637fcb515f80e0f,기판 구리 배선 균열의 형상과 원인을 단면·재료 분석으로 특정하고 시뮬레이션과 대조해 파손 거동을 설명했다.,
2023,S18-05,adjacent,Scalable Fiber-Array-to-Chip Interconnections with Sub-Micron Alignment Accuracy,Session 18 - Advanced Photonic Packaging and Interconnect,"Shengtao Yu, Muhannad S. Bakir, Thomas Gaylord - Georgia Institute of Technology",10.1109/ectc51909.2023.00130,https://doi.org/10.1109/ectc51909.2023.00130,https://www.semanticscholar.org/paper/fec9547fe9dbdd2260e899dc0d3b52295bb61435,파이버 배열-포토닉칩 결합에서 서브마이크론 정렬 정확도를 달성하고 광결합 손실·조립 재현성으로 성능을 검증했다.,
2023,S18-06,adjacent,"Realization, Multi-Field Coupled Simulation and Characterization of a Thermo-Mechanically Robust LiDAR Front End on a Copper Coated Glass Substrate",Session 18 - Advanced Photonic Packaging and Interconnect,"Marcel Kettelgerdes, Amit Pandey, Gordon Elger - Technical University of Applied Science Ingolstadt; Peter Meszmer, Majid Tavakolibasti, Bernhard Wunderle - Chemnitz University of Technology; Michael J. Haeussler, Gunnar Bottger - Fraunhofer IZM; Huseyin Erdogan - Continental AG; Ralph Schacht - Brandenburg University of Technology",10.1109/ectc51909.2023.00131,https://doi.org/10.1109/ectc51909.2023.00131,https://www.semanticscholar.org/paper/f0b25f570598ea2e28d5f5e660fde563fe95d36a,구리 코팅 유리기판 LiDAR 프런트엔드의 열·기계 거동을 다중물리 해석과 실험 특성화로 대조했다.,
2023,S20-07,adjacent,Investigation of Acceleration Factors for SnAgCu-Bi Solder Joints Under Various Temperature Cycling Test Conditions,Session 20 - Automotive/Board-Level Reliability,"Choongpyo Jeon, Youngsung Choi, Kwangwon Seo, Keunho Rhew, Jinsoo Bae, Yuchul Hwang - Samsung Electronics Co., Ltd.; Hyunsik Jeong - Hanyang University",10.1109/ectc51909.2023.00146,https://doi.org/10.1109/ectc51909.2023.00146,https://www.semanticscholar.org/paper/43038479c3bf459b006a657d130f4f70aa2bd9b3,서로 다른 온도사이클 조건에서 SAC-Bi 솔더 조인트의 수명·파손 결과를 비교해 시험 가속계수를 도출했다.,
2023,S22-03,core,A Technical Review on State of the Art In-Plane and Out-of-Plane Deformation Measurement Techniques for Microelectronic Packages,Session 22 - Large Substrate Process Integration Challenges,"Karthik Arun Deo, Yangyang Lai, Junbo Yang, Jong Hwan Ha, Pengcheng Yin, Seungbae Park - Binghamton University",10.1109/ectc51909.2023.00305,https://doi.org/10.1109/ectc51909.2023.00305,https://www.semanticscholar.org/paper/f5bb41a3456eaa76834de5c3ee247250e9dd4c9a,"마이크로전자 패키지의 면내·면외 변형을 재는 대표 기법들의 원리, 분해능, 적용 한계와 선택 기준을 체계적으로 비교했다.",
2023,S22-06,core,Package Warpage of Whole Strip Evaluation with Interface Analysis in the Flip-Chip Die Bonding Process,Session 22 - Large Substrate Process Integration Challenges,"Ian Ho, Po-Yu Liao, Teny Shih, Andrew Kang, Yu-Po Wang - Siliconware Precision Industries Co., Ltd.",10.1109/ectc51909.2023.00158,https://doi.org/10.1109/ectc51909.2023.00158,https://www.semanticscholar.org/paper/bf387c8afa33b5c2c77ec1dc745096e0c4961b5a,플립칩 다이 본딩 공정에서 스트립 전체 워페이지를 측정하고 계면 구조·재료 요인과 연결해 공정 변형을 평가했다.,
2023,S23-02,core,3D Defect Detection and Metrology of HBMs Using Semi-Supervised Deep Learning,"Session 23 - Next Generation Quantum, AI, and Secure System Design","Ramanpreet Pahwa, Richard Chang, Jie Wang, Ziyuan Zhao, Chuan Sheng Foo, Xun Xu, Lile Cai, Kangkang Lu - Institute for Infocomm Research A*STAR; Sharon Lim, Ser Choong Chong, Vempati Srinivasa Rao - Institute of Microelectronics A*STAR",10.1109/ectc51909.2023.00161,https://doi.org/10.1109/ectc51909.2023.00161,https://www.semanticscholar.org/paper/282334fc2be49e5fafecdbed9ac1899e75edcc4c,적은 라벨만으로 학습하는 반지도 딥러닝을 3D HBM 영상에 적용해 결함 검출과 치수 계측을 동시에 수행했다.,
2023,S23-07,adjacent,Characterizations of Indium Interconnects for 3D Quantum Assemblies,"Session 23 - Next Generation Quantum, AI, and Secure System Design","Celine Feautrier, Edouard Deschaseaux, Alain Gueugnot, Jean Charbonnier, Aurelia Plihon, Ludovic Dupre, Franck Henry, Frederic Berger, Antoine Pagot, Sebastien Renet, Olivier Mailliart, Candice Thomas - CEA-LETI",10.1109/ectc51909.2023.00166,https://doi.org/10.1109/ectc51909.2023.00166,https://www.semanticscholar.org/paper/1e64da755881b701a35fe06dbed984faa6806333,"3D 양자 어셈블리용 인듐 인터커넥트의 접합 형상, 전기적 연결성과 저온 적용 특성을 측정했다.",
2023,S26-06,adjacent,Effects of Twin Boundary and Precipitates on Board Level Reliability in Sn-Ag-Cu (SAC) Solder Joints Through EBSD Analysis,Session 26 - Materials Reliability,"DalJin Yoon, Byoungdo Lee, Jihye Kim, Sungho Hyun, Gyujei Lee, Kangwook Lee - SK hynix, Inc.",10.1109/ectc51909.2023.00186,https://doi.org/10.1109/ectc51909.2023.00186,https://www.semanticscholar.org/paper/1e59f732fb5b7ed8a6bc33713597ae7f95ac8cc6,EBSD로 SAC 솔더의 쌍정경계·석출물과 결정방향을 지도화해 보드 신뢰성 차이의 미세조직 원인을 분석했다.,
2023,S27-01,adjacent,0.5 µm Pitch Next Generation Hybrid Bonding with High Alignment Accuracy for 3D Integration,Session 27 - Next Generation Wafer-to-Wafer Copper Bonding,"Christopher Netzband, Kevin Ryan, Ilseok Son, Hirokazu Aizawa - TEL Technology Center, America, LLC; Nathan Ip, Yuji Mimura, Xuemei Chen - Tokyo Electron America, Inc.",10.1109/ectc51909.2023.00188,https://doi.org/10.1109/ectc51909.2023.00188,https://www.semanticscholar.org/paper/84f4aebe897579f6a285fd010b53bc07ec58ffe6,0.5 µm 피치 하이브리드 본딩의 정렬 오차와 전기적 접속 결과를 측정해 초미세 3D 적층 공정을 검증했다.,
2023,S27-03,adjacent,0.5 µm Pitch Wafer-to-Wafer Hybrid Bonding with SiCN Bonding Interface for Advanced Memory,Session 27 - Next Generation Wafer-to-Wafer Copper Bonding,"Kai Ma, Nikos Bekiaris, Sesh Ramaswami - Applied Materials, Inc.; Taotao Ding, Juergen Burggraf, Gernot Probst, Thomas Uhrmann - EV Group, Inc.",10.1109/ectc51909.2023.00190,https://doi.org/10.1109/ectc51909.2023.00190,https://www.semanticscholar.org/paper/20afaece73783eddf4c6901d86fcd57941f9b197,SiCN 계면의 0.5 µm 피치 W2W 본딩을 전기 검사와 비파괴·단면 분석으로 확인해 메모리 적층 수율을 평가했다.,
2023,S27-04,adjacent,Fine-Pitch 30 µm Cu-Cu Bonding Using Electroless Nano-Ag,Session 27 - Next Generation Wafer-to-Wafer Copper Bonding,"Hsiang-Wei Tsai, Yung-Sheng Lin, Chun-Wei Chiang, Yun-Ching Hung, Chin-Li Kao, Ping-Hung Hsieh, I-Ting Lin, Chih-Yuan Hsu - Advanced Semiconductor Engineering, Inc.",10.1109/ectc51909.2023.00191,https://doi.org/10.1109/ectc51909.2023.00191,https://www.semanticscholar.org/paper/7afc3b80dabe04ceb95deab2f28e83707d449ec4,무전해 나노은을 이용한 30 µm Cu-Cu 본딩 계면을 현미경·전기·강도 시험으로 특성화했다.,
2023,S28-03,adjacent,Alignment Through Thick Si Layer for High Resolution Patterning on Bonded Wafers with Tight Overlay Margin Using Immersion Lithography,"Session 28 - Process Enhancements in 3D, FOWLP, and TSV Technologies","Arvind Sundaram, Chin Khang Tew, Guo Wei Tan, Hongyu Li, Nandini Venkataraman, Yuan-Hsing Fu, Chandra Rao Bhesetti, Navab Singh - Institute of Microelectronics A*STAR",10.1109/ectc51909.2023.00197,https://doi.org/10.1109/ectc51909.2023.00197,https://www.semanticscholar.org/paper/30f61af46a99b15086bc8b9eb506fac814d71ea3,두꺼운 Si를 통과하는 정렬과 immersion lithography를 결합해 본딩 웨이퍼의 미세 패턴 오버레이 마진을 검증했다.,
2023,S29-07,adjacent,Thermal Characterization of 3-D Stacked Heterogeneous Integration (HI) Package for High-Power Computing Applications,Session 29 - AI-based Prediction for Heterogeneous Integration and Advanced Packaging,"Aakrati Jain, Sathya Raghavan, Prabudhya Roy Chowdhury, Mukta Ghate Farooq, Arvind Kumar, Katsuyuki Sakuma - IBM Research; Risa Miyazawa - IBM Research, Tokyo",10.1109/ectc51909.2023.00208,https://doi.org/10.1109/ectc51909.2023.00208,https://www.semanticscholar.org/paper/7a1b66dd73627d9e0854283b318af0f426a98624,3D 적층 이종집적 패키지의 온도 분포와 열저항을 실험·모델로 특성화해 고전력 컴퓨팅 열설계를 평가했다.,
2023,S30-02,adjacent,Effects of High-Temperature Exposure on the Thermo-Mechanical Behavior of Epoxy Molding Compound and Warpage of Molded Wafers,Session 30 - Trends in Encapsulants and Low Dk/Df Dielectrics,"Junmo Kim, Myoung Song, Chang-Yeon Gu, Min Sang Ju, Taek-Soo Kim - Korea Advanced Institute of Science and Technology; Sung Woo Ma, Jin Hee Lee, Woong-Sun Lee - SK hynix, Inc.",10.1109/ectc51909.2023.00210,https://doi.org/10.1109/ectc51909.2023.00210,https://www.semanticscholar.org/paper/3d05911ff04b481f03d8528d7b2c03bdcc09e64f,고온 노출 전후 EMC의 열기계 물성을 측정하고 몰드 웨이퍼 워페이지 변화와 연결했다.,
2023,S32-03,adjacent,Investigation of Cure Kinetics of Advanced Epoxy Molding Compound Using Dynamic Heating Scan: An Overlooked Second Reaction,Session 32 - Thermo-Mechanical Modelling and Characterization,"Ran Tao, Aaron M. Forster - National Institute of Standards and Technology; Sukrut Prashant Phansalkar, Bongtae Han - University of Maryland",10.1109/ectc51909.2023.00225,https://doi.org/10.1109/ectc51909.2023.00225,https://www.semanticscholar.org/paper/1463cb66a3bc4ba2ffb70226b769118938765b3c,동적 가열 스캔으로 고급 EMC의 경화 반응을 분해해 기존 분석에서 놓친 두 번째 반응과 공정 영향을 확인했다.,
2023,S32-05,core,Improving Warpage Characterization of Large Wafers in Fan-Out Packaging Technology,Session 32 - Thermo-Mechanical Modelling and Characterization,"Saskia Gesche Huber, Andreas Stegmaier, Marius van Dijk, Nina Nguyen, Ole Hoelck, Olaf Wittler, Martin Schneider-Ramelow - Fraunhofer IZM",10.1109/ectc51909.2023.00227,https://doi.org/10.1109/ectc51909.2023.00227,https://www.semanticscholar.org/paper/947c47f30cd981ec5dda1f952da196843c521fe7,팬아웃 대구경 웨이퍼의 실제 열·공정 변형을 더 정확히 포착하도록 워페이지 측정과 모델 상관 절차를 개선했다.,
2023,S32-07,adjacent,Fan-Out Embedded Bridge with TSV(FO-EB-T) Package Characterization and Evaluation,Session 32 - Thermo-Mechanical Modelling and Characterization,"Vito Lin, Andrew Kang, Yu-Po Wang - Siliconware Precision Industries Co., Ltd.",10.1109/ectc51909.2023.00229,https://doi.org/10.1109/ectc51909.2023.00229,https://www.semanticscholar.org/paper/10ceaddd0bb9915c4d35ef3d111868d142b5c13f,FO-EB-T 패키지의 구조·열기계·전기 성능을 실측과 해석으로 종합 평가했다.,
2023,S34-02,adjacent,Contamination-Free Cu/SiCN Hybrid Bonding Process Development for Sub-µm Pitch Devices with Enhanced Bonding Characteristics,"Session 34 - Bonding Assembly - Novel Packaging, Process, and Characterization","Seung Ho Hahn, Wooyoung Kim, Donggap Shin, Yongin Lee, Sumin Kim, Wonyoung Choi, Kyeongbin Lim, Bumki Moon, Minwoo Rhee - Samsung Electronics Co., Ltd.-Mechatronics Research",10.1109/ectc51909.2023.00238,https://doi.org/10.1109/ectc51909.2023.00238,https://www.semanticscholar.org/paper/f11554fe2668925956f410b2bd5f76b84b327da5,오염을 줄인 서브마이크론 Cu/SiCN 본딩을 단면·계면·전기 특성으로 확인해 공정 품질을 검증했다.,
2023,S34-04,core,Critical Dimension Scatterometry as a Scalable Solution for Hybrid Bonding Pad Recess Metrology,"Session 34 - Bonding Assembly - Novel Packaging, Process, and Characterization","Haris K. Niazi, Botao Zhang, Xavier F. Brun, Xavier F. Brun - Intel Corporation; Krishnan Shankar - KLA Corporation",10.1109/ectc51909.2023.00240,https://doi.org/10.1109/ectc51909.2023.00240,https://www.semanticscholar.org/paper/f3202e975401993d70bfd75126bd56e528222c3a,하이브리드 본딩 패드 리세스를 비파괴·고처리량으로 재기 위해 임계치수 산란계측을 적용하고 기준 계측과 상관성을 검증했다.,
2023,S34-05,adjacent,A Study of SiCN Wafer-to-Wafer Bonding and Impact of Wafer Warpage,"Session 34 - Bonding Assembly - Novel Packaging, Process, and Characterization","Serena Iacovo, Oguzhan Orkut Okudur, Koen D’Have, Johan Meersschaut, Liesbeth Witters, Thierry Conard, Alain Phommahaxay, Steven Brems, Gerald Beyer, Eric Beyne - imec; Thomas Uhrmann, Thomas Plach - EV Group, Inc.",10.1109/ectc51909.2023.00241,https://doi.org/10.1109/ectc51909.2023.00241,https://www.semanticscholar.org/paper/c0299978914268c57a6ef16c5dc001dfa355c816,SiCN W2W 본딩에서 웨이퍼 워페이지가 접촉·접합 결과에 미치는 영향을 형상 측정과 본딩 평가로 분석했다.,
2023,S35-03,adjacent,Development of PMUT Array Packaging from Characterisation Prototypes to Customer Samples,Session 35 - Packaging and Materials for Flexible Medical Technologies,"Mark Andrew Shaw, Domenico Giusti, Fabio Quaglia, Alex Gritti - STMicroelectronics; Gerald Klug, Hitoshi Hoshino - DISCO HiTec Europe; Vempati Srinivasa Rao, Dutta Rahul, David Ho Soon Wee - Institute of Microelectronics A*STAR; Hideyuki Sandoh, Masatoshi Wakahara - DISCO Corporation; Alessandro Savoia - Roma Tre University",10.1109/ectc51909.2023.00246,https://doi.org/10.1109/ectc51909.2023.00246,https://www.semanticscholar.org/paper/e55b7aab3573167f2419607f554f4cff7d2b0123,PMUT 어레이 패키징을 시제품에서 고객 샘플 단계로 확장하며 음향·전기·조립 특성을 비교했다.,
2023,S36-03,adjacent,Embedded mm-Wave Chiplet Based Module Using Fused-Silica Stitch-Chip Technology: RF Characterization and Thermal Evaluation,"Session 36 - RF, Heterogeneous, and Chiplet Modules","Ting Zheng, Madison Manley, Muhannad S. Bakir - Georgia Institute of Technology",10.1109/ectc51909.2023.00253,https://doi.org/10.1109/ectc51909.2023.00253,https://www.semanticscholar.org/paper/58e109abaa033af31e78718821b36ddbe80bd851,융합실리카 stitch-chip 기반 mmWave 모듈의 RF 인터커넥트와 열 성능을 측정·해석했다.,
2023,S37-01,adjacent,Investigation of Cu-to-Cu and Oxide-to-Oxide Bonding,Session 37 - Interactive Presentations 1,"Sangmin Lee, Gwangsik Oh, Junyoung Choi, Yoonho Kim, Sangwoo Park, Sarah Kim - Seoul National University of Science and Technology",10.1109/ectc51909.2023.00258,https://doi.org/10.1109/ectc51909.2023.00258,https://www.semanticscholar.org/paper/40a7db6a488d37159d54ede2d6e667c8b0deadef,Cu-Cu·oxide-oxide 직접접합 계면을 현미경·재료 분석과 접합 성능으로 비교해 공정 조건의 영향을 조사했다.,
2023,S37-14,adjacent,Electrical Characterization and Modeling of 2-µm and 1.5-µm Line-and-Space High-Density Signal Wiring in Organic Interposer,Session 37 - Interactive Presentations 1,"Atom Watanabe, Hiroyuki Mori, Xiaoxiong Gu, Frank Libsch, Griselda Bonilla - IBM Corporation",10.1109/ectc51909.2023.00270,https://doi.org/10.1109/ectc51909.2023.00270,https://www.semanticscholar.org/paper/fe2783ff22d57813a1c87d308a379faeea4b7906,유기 인터포저의 2 µm·1.5 µm L/S 배선을 제작해 20 GHz까지 전송손실을 측정하고 모델과 상관시켰다.,
2023,S38-01,core,Advanced Overlay Metrology for CIS Bonding Applications,Session 38 - Interactive Presentations 2,"Florent Dettoni, Emilie Deloffre - STMicroelectronics; Yoav Grauer, Shlomo Eisenbach, Motti Penia, Arkadi Simkin, Dror Elka, Avner Safrani, Marco Polli, Francesco De Paola - KLA Corporation",10.1109/ectc51909.2023.00278,https://doi.org/10.1109/ectc51909.2023.00278,https://www.semanticscholar.org/paper/18da24458a837095aa9c101335856529d400498e,CIS 웨이퍼 본딩용 오버레이 타깃과 측정법을 평가해 생산 웨이퍼에서 1 nm 수준의 총측정불확도를 보고했다.,
2023,S38-02,core,Implementation of New Robustness Assessment Methodology for Crack Stop Constructions,Session 38 - Interactive Presentations 2,"Maria Heidenblut, Michael Goroll - Infineon Technologies AG",10.1109/ectc51909.2023.00279,https://doi.org/10.1109/ectc51909.2023.00279,https://www.semanticscholar.org/paper/afcb42aedd22efa695bf1843221ee4553ebebb93,표준 AOI에 전용 binning 판정을 추가해 crack-stop 구성요소별 칩핑·박리 억제 성능을 자동 비교하는 방법을 만들었다.,
2023,S38-06,core,50 nm Overlay Accuracy for Wafer-to-Wafer Bonding by High-Precision Alignment Technologies,Session 38 - Interactive Presentations 2,"Hajime Mitsuishi, Hiroshi Mori, Hidehiro Maeda, Mikio Ushijima, Atsushi Kamashita, Masashi Okada, Masanori Aramata, Takashi Shiomi, Shinya Sakamoto, Kishou Takahata, Tomohiro Chiba, Minoru Fukuda, Masahiro Kanbayashi, Toshimasa Shimoda, Isao Sugaya - Nikon Corporation",10.1109/ectc51909.2023.00283,https://doi.org/10.1109/ectc51909.2023.00283,https://www.semanticscholar.org/paper/fdcfc379252dfa057e735e97be647c4f79e6a8c4,다점 정렬 측정과 스테이지·본딩파 제어를 최적화해 연속 웨이퍼 본딩에서 약 50 nm 오버레이 정확도를 입증했다.,
2023,S38-09,adjacent,Effect of Chip Metallization and Process Parameters on the Die Attach Properties of Direct Bonded Power Devices,Session 38 - Interactive Presentations 2,"Michael Curkin, Marius Koehler, Nicolas Heuck - Hamm-Lippstadt University of Applied Sciences; Silke Kraft, Jens Mueller, Kurt-Georg Besendoerfer - SEMIKRON Elektronik GmbH & Co. KG",10.1109/ectc51909.2023.00286,https://doi.org/10.1109/ectc51909.2023.00286,https://www.semanticscholar.org/paper/2df547d4de6f29bc87d4a9959db7066cfcb263a7,서로 다른 칩 금속화의 직접접합부를 굽힘·SAM·SEM으로 검사하고 전력사이클 후 고장 위치를 분석했다.,
2023,S38-23,core,Robust Edge Coupling Probe Applied in Wafer-Level Optical Testing,Session 38 - Interactive Presentations 2,"Sheng-Ho Huang, Chen-Yu Lin, Yi-Keng Fu - Industrial Technology Research Institute; Sin-Yuan Mu, Mei-Ju Lu, Chia-Sheng Cheng, Jihan Chen - ASE Corporate R&D Center",10.1109/ectc51909.2023.00300,https://doi.org/10.1109/ectc51909.2023.00300,https://www.semanticscholar.org/paper/cfefedb944c40cdfae7070cb69153e36f9c9d177,좁은 트렌치에도 접근하는 돌출형 광섬유 배열 프로브를 설계해 웨이퍼 상태에서 에지 커플러의 광손실을 안정적으로 측정했다.,
2023,S38-30,core,Reliability and Failure Analysis of Chip-to-Substrate Cu-Pillar Interconnections with Nanoporous-Cu Caps,Session 38 - Interactive Presentations 2,"Ramon A. Sosa, Vanessa Smet, Antonia Antoniou - Georgia Institute of Technology",10.1109/ectc51909.2023.00060,https://doi.org/10.1109/ectc51909.2023.00060,https://www.semanticscholar.org/paper/5422fb1154d817f07bd4a3b458742c43f23c2b4e,나노다공성 구리 캡 접합을 열노화·전자이동 시험과 파손 단면 분석으로 추적해 나노 표면막에서 시작되는 새 고장 메커니즘을 찾았다.,
2023,S39-03,core,Extracting Anisotropic Permittivity of PCB Substrate from VNA Measurement on a Rectangular Stripline Resonator Loaded with a Via Array,Session 39 - Interactive Presentations 3,"Zhaoqing Chen, Hung Nguyen, Matteo Cocchini - IBM Corporation",10.1109/ectc51909.2023.00310,https://doi.org/10.1109/ectc51909.2023.00310,https://www.semanticscholar.org/paper/d1a7397c6a3a0965ec7c6b208760e31aeef5eee4,비아 배열을 넣은 직사각 스트립라인 공진기의 VNA 측정으로 PCB 기판의 이방성 유전율을 추출하는 방법을 제안했다.,
2023,S40-06,adjacent,"Simulation, Prediction, and Verification of the Corrosion Behavior of Cu-Ag Composite Sintered Paste for Power Semiconductor Die-Attach Applications",Session 40 - Interactive Presentations 4,"Xinyue Wang, Zhoudong Yang, Pan Liu - Fudan University; Guoqi Zhang - Delft University of Technology; Jing Zhang - Heraeus Materials Technology Shanghai Ltd.",10.1109/ectc51909.2023.00341,https://doi.org/10.1109/ectc51909.2023.00341,https://www.semanticscholar.org/paper/0b6ed89531927699e9508fd436456d454e268410,Cu-Ag 소결 페이스트의 갈바닉 부식 모델을 전기화학 측정으로 검증해 입자 조합·소결도별 부식 위험을 예측했다.,
2023,S40-07,adjacent,Thermal Characterization and Management of GaN-on-SiC High Power Amplifier MMIC,Session 40 - Interactive Presentations 4,"Yong Han, Gongyue Tang, Boon Long Lau - Institute of Microelectronics A*STAR",10.1109/ectc51909.2023.00342,https://doi.org/10.1109/ectc51909.2023.00342,https://www.semanticscholar.org/paper/81af68db9fb39e136126ba810992873027ccf7ff,GaN-on-SiC MMIC의 IR 열영상과 열해석을 상관해 DC·펄스 구동의 채널 온도와 열저항을 정량화했다.,
2023,S40-08,core,A Thin-Film Reconfigurable SiC Thermal Test Chip for Reliability Monitoring in Harsh Environments,Session 40 - Interactive Presentations 4,"Romina Sattari, Henk van Zeijl, GuoQi Zhang - Delft University of Technology",10.1109/ectc51909.2023.00223,https://doi.org/10.1109/ectc51909.2023.00223,https://www.semanticscholar.org/paper/52e53e6182de5f7c8a33e3ec9c70640c8db91faa,히터와 RTD를 재구성할 수 있는 SiC 열 시험칩을 제작해 고온 전력사이클 중 접합부 열저항 변화를 in-situ로 감시했다.,
2023,S40-12,core,Assessment Methods for the Characterization of Flux Material Systems Toward Water Absorption,Session 40 - Interactive Presentations 4,"Quang-Duc Pham, Norbert Holle - Robert Bosch GmbH; Juergen Wilde - University of Freiburg",10.1109/ectc51909.2023.00346,https://doi.org/10.1109/ectc51909.2023.00346,https://www.semanticscholar.org/paper/605f6c0be8627d5cebc1810f2489919d0a817f1d,기존 SIR보다 초기 수분 흡착에 민감한 AC 임피던스와 EIS를 비교해 플럭스 잔사의 흡수성·ECM 위험을 비파괴 선별했다.,
2023,S41-02,adjacent,Grain Orientation and Prediction of Thermal Shock Fatigue of Sn-3Ag-0.5Cu Solder Joints for Fan-Out Wafer Level Packaging,Session 41 - Student Interactive Presentations,"Shuye Zhang, Xinyi Jing, Peng He - Harbin Institute of Technology; Kyung-Wook Paik - Korea Advanced Institute of Science and Technology",10.1109/ectc51909.2023.00362,https://doi.org/10.1109/ectc51909.2023.00362,https://www.semanticscholar.org/paper/88226a52c740198d3b45e9f069287223bce92280,열충격 후 SAC305 솔더의 결정방향·서브그레인 진화를 EBSD로 추적하고 피로수명 모델과 연결했다.,
2023,S41-14,core,A High Precision Analysis Method Based on Thermal Test Chip for Thermal Characteristics of Thermal Interface Materials,Session 41 - Student Interactive Presentations,"Yulin Shi, Binbin Jiao, Qixing Hao, Yanmei Kong, Ruiwen Liu, Shichang Yun, Yuxin Ye, Lihang Yu, Xiangbin Du, Jie Wang, jingping Qiao, Dichen Lu - Chinese Academy of Science-Institute of Microelectronics",,,,제목 기준: 열 시험칩을 기준 열원·온도 센서로 사용해 열계면재의 열 특성을 고정밀 분석하는 방법을 다룬다.,공개 초록 미확보; 한국어 문장은 제목 기준 설명
2023,S41-17,core,FISHI: Fault Injection Detection in Secure Heterogeneous Integration via Power Noise Variation,Session 41 - Student Interactive Presentations,"Tao Zhang, Md Latifur Rahman, Hadi Mardani Kamali, Kimia Zamiri Azar, Mark Tehranipoor, Farimah Farahmandi - University of Florida",10.1109/ectc51909.2023.00377,https://doi.org/10.1109/ectc51909.2023.00377,https://www.semanticscholar.org/paper/98ade06376875614e34223ea12897c42e5ae2cb9,칩렛의 전원 잡음 변화를 근접 센싱하고 하드웨어 ML로 정상 패턴과 비교해 런타임 전력 fault-injection 공격을 탐지했다.,
2023,S41-21,core,Fingerprint Extrication with Near-Field Terahertz Time-Domain Spectroscopy (THz-TDS) for IC Hardware Assurance,Session 41 - Student Interactive Presentations,"Chengjie Xi, John True, William Henry Mitchell, Aslam Khan, Navid Asadizanjani - University of Florida",,,https://doi.org/10.1117/12.3027511,제목과 동일 연구의 공개 후속 원문 기준: 근접장 THz-TDS 스펙트럼에서 IC 고유 물리 지문을 뽑아 위변조·식별에 활용했다.,"ECTC 원고 공개 초록은 없으며, 같은 연구진의 후속 공개 논문 초록으로 내용을 보완함"
2023,S41-26,core,"Characterization of Packaging, Electronic, and Photonic Materials at Cryogenic Temperatures Using a Multi-Angle Backscattering Mueller-Matrix Ellipsometer",Session 41 - Student Interactive Presentations,"Christopher Lewis, Jacob Marchio, Drew Sellers, Michael Hamilton - Auburn University",10.1109/ectc51909.2023.00386,https://doi.org/10.1109/ectc51909.2023.00386,https://www.semanticscholar.org/paper/8678a068280573d02aba9af23241f8162ee11222,상용 반사 테이프를 이용한 다각도 return-path Mueller-matrix ellipsometer를 구성해 20 K까지 박막·패키징 재료를 측정했다.,
2024,S03-07,adjacent,Characterization of QSFP and OSFP CPO ELS Modules Employing an 8-channel CWDM TOSA in Practical Air-Cooling Conditions,Session 03 - Co-Packaged Optics,"Kohei Umeta, Taketsugu Sawamura, Kyoko Nagai, Yuki Shiroishi, Hideyuki Nasu - Furukawa Electric Co., Ltd.",10.1109/ectc51529.2024.00028,https://doi.org/10.1109/ectc51529.2024.00028,https://www.semanticscholar.org/paper/c918dbf9873cb729201b3c5b6f0da73adc5025a5,8채널 CWDM TOSA를 넣은 QSFP·OSFP 외부광원 모듈의 온도·풍량별 소비전력과 광출력을 측정했다.,
2024,S04-03,core,Effect of Lamination Process-Induced Residual Stress on the CTE of Advanced Prepregs Before and After Solder Reflow Process,Session 04 - Reliability of Advanced Substrates and Interconnects,"Byoung-Phil Kang - Chungbuk National University/SIMMTECH; Jong-Yun Lee - Chungbuk National University; Jaesung Kim, Jongwoo Park, Kyu-Jin Lee - SIMMTECH; Yongrae Jang, Bongtae Han - University of Maryland",10.1109/ectc51529.2024.00031,https://doi.org/10.1109/ectc51529.2024.00031,https://www.semanticscholar.org/paper/5e5e458c85b9604f42e6379e034e029942e38dc9,moiré-hole drilling으로 적층 프리프레그 잔류응력을 재고 DIC로 리플로 전후 치수·CTE 변화를 추적했다.,
2024,S04-05,core,Fatigue-Fracture Propensity Measurement and Competing Risk Model for FCBGA Interfaces Under Sustained Humidity and Temperature Exposure,Session 04 - Reliability of Advanced Substrates and Interconnects,"Pradeep Lall, Aathi Pandurangan, Padmanava Choudhury, Madhu Kasturi, Jeff Suhling - Auburn University",10.1109/ectc51529.2024.00033,https://doi.org/10.1109/ectc51529.2024.00033,https://www.semanticscholar.org/paper/8fdabf28891c1c896bd37e0ec1f8a50e1f08654c,장기 온습도 노출 중 여러 FCBGA 계면의 파괴인성·균열성장률을 측정해 경쟁위험 고장 모델을 구축했다.,
2024,S04-06,adjacent,Evaluation of Vapor Pressure Induced Debonding Failure in Fan-Out Package Under Reflow Condition,Session 04 - Reliability of Advanced Substrates and Interconnects,"Bo-Shuo Chen, Tz-Cheng Chiu - National Cheng Kung University; Wei-Jie Yin, Chin-Li Kao - Advanced Semiconductor Engineering, Taiwan",10.1109/ectc51529.2024.00034,https://doi.org/10.1109/ectc51529.2024.00034,https://www.semanticscholar.org/paper/245280b0491b4a062020c7556302aeae708c6010,4점 굽힘으로 Si-underfill 계면 인성을 재고 수분 증기압·팽윤·열응력별 debond 구동력을 비교했다.,
2024,S04-07,core,Characterization and Sensitivity Analysis of Piezoresistive Stress Sensor for Thermal and Mechanical Loads and Implementation for In-Situ Health Monitoring of Solder Bumps,Session 04 - Reliability of Advanced Substrates and Interconnects,"Adwait Inamdar, Willem van Driel, GuoQi Zhang - Delft University of Technology; Varun Thukral, Letian Zhang, Jeroen Zaal, Michiel van Soestbergen, Hanz Tuinhout - NXP Semiconductor, Inc.",,,,제목 기준: 열·기계 하중용 압저항 응력센서를 교정·민감도 분석한 뒤 솔더 범프의 in-situ 건전성 감시에 적용한다.,공개 초록 미확보; 한국어 문장은 제목 기준 설명
2024,S05-05,core,Silicon-Based Membrane Pressure Sensor for Inline Monitoring of Pressure and Hermeticity of Small-Volume Bonded Packages,"Session 05 - Digital Healthcare: Wearable Sensors, and Flexible Electronics","Jannik Koch, Levin Brinkmann, Alexander Kassner, Folke Dencker, Marc Wurz - Institute of Micro Production Technology",10.1109/ectc51529.2024.00040,https://doi.org/10.1109/ectc51529.2024.00040,https://www.semanticscholar.org/paper/a32750e060a56cdd2e277ed2a5dc30d571c85258,Pt strain gauge가 달린 Si 멤브레인 압력센서를 제작·교정해 소형 밀봉 패키지의 압력과 누설을 인라인 감시했다.,
2024,S06-07,adjacent,Prediction of Moisture Absorption Characteristics Under Normal/Accelerated Preconditioning Condition in Multi-Chip Packages,Session 06 - Thermal-Mechanical Reliability Simulations,"Hyunggyun Noh, Jinsoo Bae, Keunho Rhew, Soojin Yoo, Jiyoung Lim, Yuchul Hwang, Sangwoo Pae - Samsung Electronics Co., Ltd.",10.1109/ectc51529.2024.00048,https://doi.org/10.1109/ectc51529.2024.00048,https://www.semanticscholar.org/paper/5a95ea707545f9bf43feffd9add0b8fd1a33f420,4단·16단 멀티칩 패키지의 시간별 흡습량을 실험·확산 해석으로 대조해 가속 전처리 등가시간을 구했다.,
2024,S08-07,core,Development of Double Cantilever Beam Technique for Wafer-to-Wafer Bond Energy Measurement,Session 08 - Sub-Micron Scaling in Wafer-to-Wafer Hybrid Bonding,"Guohua Wei, Matthew Gerber, Derik Rudd, Robert Sibley, Pengfei Nie, Logan Battrell, Andrew Bayless, Sam Ireland, Mark Fischer, Dan Markowitz, David Palsulich - Micron Technology, Inc.",10.1109/ectc51529.2024.00062,https://doi.org/10.1109/ectc51529.2024.00062,https://www.semanticscholar.org/paper/65cea230fe67a8cc019f2775ad4293478e2fc9f5,시편 다이싱 영향과 성공률을 검토한 DCB 절차를 개발해 fusion·hybrid W2W 본딩 에너지를 정량 측정했다.,
2024,S09-07,adjacent,Process Development and Characterization of Ru-Based UBM for In Bumps Integration for Quantum Computing Applications,Session 09 - Advanced Processes for Chip Stacking,"Harold Le Tulzo, Diane Bijou, Thérèse Souza, Anthony Gallegos, Jérôme Daviot - Technic France; Candice Thomas, Edouard Deschaseaux, Céline Feautrier, Jean Charbonnier, Alain Gueugnot - CEA-LETI; Jaber Derakhshandeh, Tassawar Hussain - imec",10.1109/ectc51529.2024.00068,https://doi.org/10.1109/ectc51529.2024.00068,https://www.semanticscholar.org/paper/2fa278a3c50ee47988179620bb60e10ffcce68fe,Ru UBM 위 인듐 범프의 도금·식각 공정을 형태·계면·전기 분석으로 특성화했다.,
2024,S10-07,adjacent,D2W Hybrid Bonding System Achieving High-Accuracy and High-Throughput With Minimal Configurations,Session 10 - Novel 3D Integration and Hybrid Bonding Solutions,"Kentaro Mihara, Takashi Hare, Hirofumi Sakai, Shimpei Aoki, Toyoharu Terada - Toray Engineering Co., Ltd.; Mariappan Murugesan, Hiroyuki Hashimoto, Hisashi Kino, Tetsu Tanaka, Takafumi Fukushima - Tohoku University; Fumihiro Inoue - Yokohama National University; Akira Uedono - University of Tsukuba",10.1109/ectc51529.2024.00074,https://doi.org/10.1109/ectc51529.2024.00074,https://www.semanticscholar.org/paper/b791e580af646e72ea3cc9d379c0d14116e0739a,"2200 UPH·100 nm 정렬 D2W bonder의 접합을 PAS, DCB, Kelvin/daisy-chain 측정으로 검증했다.",
2024,S11-05,core,Novel Approach for 3D Defect Detection and Metrology of HBMs Using Minimum Labeled Data,"Session 11 - Next-Generation Artificial Intelligence, Quantum Computing, and Secure Packaging","Ziyuan Zhao, Qiyu Wei, Jie Wang, Richard Chang, Ramanpreet Pahwa - Institute for Infocomm Research A*STAR; Xulei Yang - Institute of Microelectronics A*STAR",,,,제목 기준: 최소 라벨 데이터로 3D HBM 내부 구조의 결함 검출과 치수 계측을 함께 수행하는 학습법을 제안한다.,공개 초록 미확보; 한국어 문장은 제목 기준 설명
2024,S12-02,core,Development of Real-Time Thermal Monitoring of GaN-based Power Inverter Modules Using Digital Twin,Session 12 - Artificial Intelligence and Advanced Modeling Approaches,"Bin He, Gongyue Tang - Institute of Microelectronics A*STAR; Jaydeep Saha, Rahul Sadanand Bhujade, Sanjib Kumar Panda - National University of Singapore",10.1109/ectc51529.2024.00081,https://doi.org/10.1109/ectc51529.2024.00081,https://www.semanticscholar.org/paper/799a925102344dbce88c1fd20f230a2cc64a859f,1D Modelica·CFD·ROM을 결합한 디지털 트윈과 가상센서로 GaN 인버터 모듈의 칩 온도를 실시간 추정했다.,
2024,S12-03,core,Creep Parameters for Solder Interconnects by Nanoindentation Inverse-FEA Method,Session 12 - Artificial Intelligence and Advanced Modeling Approaches,"Shidong Li, Christine Taylor, Charles Arvin - IBM Corporation",10.1109/ectc51529.2024.00082,https://doi.org/10.1109/ectc51529.2024.00082,https://www.semanticscholar.org/paper/29f646400a08c2b2d2e62ac089c73a5c473d86c1,나노인덴테이션 creep 시험과 inverse FEA를 결합해 미세 솔더의 Norton 물성 파라미터를 추정·검증했다.,
2024,S12-04,core,Deep Convolution Neural Networks for Automatic Detection of Defects Which Impact Hybrid Bonding Yield,Session 12 - Artificial Intelligence and Advanced Modeling Approaches,"Oliver Zhao, Dominik Suwito, Bongsub Lee, Thomas Workman, Laura Mirkarimi - Adeia",10.1109/ectc51529.2024.00083,https://doi.org/10.1109/ectc51529.2024.00083,https://www.semanticscholar.org/paper/725acb6d1fcf554f8c5c496594cdf3896f00d63e,전 웨이퍼 광학영상을 두 단계 CNN으로 판독해 하이브리드 본딩 결함을 96~97% 정확도로 검출·분류했다.,
2024,S12-05,adjacent,Experimentally Validated Thermal Modeling Prediction for BEOL and BSPDN Stacks,Session 12 - Artificial Intelligence and Advanced Modeling Approaches,"Xinyue Chang - imec/KU Leuven; Herman Oprins, Bjorn Vermeersch, Vladimir Cherman, Melina Lofrano, Seongho Park, Zsolt Tokei, Ingrid De Wolf - imec",10.1109/ectc51529.2024.00084,https://doi.org/10.1109/ectc51529.2024.00084,https://www.semanticscholar.org/paper/5436585ce0d844a4ed3dcbaefb10f130031f8e69,BEOL·BSPDN 열전달 모델을 시험차량 측정과 대조해 나노-마이크로 스케일 열저항 예측 정확도를 검증했다.,
2024,S13-05,core,X-Ray Photoelectron Spectroscopy (XPS) Investigations to Monitor the Surface Chemistry During Palladium-Free Colloidal Copper Activation,Session 13 - Next-Generation Substrate Manufacturing Technologies,"Ibbi Ahmet, André Beyer, Laurence J. Gregoriades, Julia Lehmann, Yvonne Welz - Atotech (MKS Instruments)",10.1109/ectc51529.2024.00091,https://doi.org/10.1109/ectc51529.2024.00091,https://www.semanticscholar.org/paper/56d174d8321557e0b95b57b2ff4a9f075a0dec65,연속 공정 단계마다 XPS를 측정해 Pd-free 콜로이드 Cu 활성화 표면의 산화상태와 공기 노출 안정성을 추적했다.,
2024,S13-06,adjacent,"Development of Glass Core Substrate With the Stress Analysis, Transmission Characteristics and Reliability",Session 13 - Next-Generation Substrate Manufacturing Technologies,"Koji Fujimoto, Yashuhiro Okawa, Takahiro Tai, Satoru Kuramochi - DNP Co., Ltd.",10.1109/ectc51529.2024.00093,https://doi.org/10.1109/ectc51529.2024.00093,https://www.semanticscholar.org/paper/412e53ac250cad64255cfd2641fee9e7efda31fa,여러 TGV 구조의 유리 코어 기판을 응력·전송·신뢰성 측정으로 종합 평가했다.,
2024,S16-01,adjacent,Structural Characterization of 2.5D System in Package Combined With High Bandwidth Memory for Enhanced Quality and Reliability,Session 16 - Reliability of High-Density and High-Power Packages,"Byoungdo Lee, Jinwoo Choi, Sangyong Lee, Jinwoo Park, Gyujei Lee, Kangwook Lee - SK Hynix, Inc.",10.1109/ectc51529.2024.00108,https://doi.org/10.1109/ectc51529.2024.00108,https://www.semanticscholar.org/paper/91e7f8d679594afdd600f4a9dbb46d0218cbeeb2,HBM을 결합한 2.5D SiP의 내부 구조와 조립 품질을 3D 구조 분석·신뢰성 시험으로 평가했다.,
2024,S16-04,adjacent,Fusing Current Characterization of Various Cu RDL Designs in Wafer Level Packages,Session 16 - Reliability of High-Density and High-Power Packages,"JeongMin Ju, JiYeon Yoon, EunSook Sohn - Amkor Technology Korea/Amkor Technology, Inc.; Nathan Whitchurch - Amkor Technology, Inc.",10.1109/ectc51529.2024.00249,https://doi.org/10.1109/ectc51529.2024.00249,https://www.semanticscholar.org/paper/80ab94cfe8f7627ae95c632c6be060b9fb9bd4b2,여러 Cu RDL 설계의 전류 집중과 fusing 한계를 전기 시험·열관찰로 비교했다.,
2024,S18-06,adjacent,RF Modelling and Characterization of TSVs and Inductive Links of Hybrid Bonded Devices,Session 18 - Radio Frequency Antenna-in-Package and Component Design,"Xiao Sun, Chin-Ya Su, Shih-Hung Chen, Soon Aik Chew, Boyao Zhang, Eric Beyne - imec",10.1109/ectc51529.2024.00123,https://doi.org/10.1109/ectc51529.2024.00123,https://www.semanticscholar.org/paper/f3c33642a500904f33dcf3d129853334433f2527,하이브리드 본딩 TSV와 유도 결합 구조의 RF S-parameter를 측정하고 등가모델과 상관시켰다.,
2024,S19-05,core,Methodologies for Characterization of W2W Bonding Strength,Session 19 - 3D Integration Copper-Copper Hybrid Bonding,"Mario Gonzalez, Kris Vanstreels, Oguzhan Orkut Okudur, Serena Iacovo, Eric Beyne - imec",10.1109/ectc51529.2024.00129,https://doi.org/10.1109/ectc51529.2024.00129,https://www.semanticscholar.org/paper/0749c63553363c509f75a6281a2cc62b18a8bf06,"W2W 본딩 강도 측정법들의 시편 준비, 균열 관찰, 해석식과 적용 범위를 비교하고 공정별 평가 절차를 제시했다.",
2024,S20-02,core,Observation of Thermal Expansion Behavior of Nanotwinned-Cu/SiO2 & Regular-Cu/SiO2 Hybrid Structure Via In-Situ Heating AFM,Session 20 - Novel High-Density 3D & Thru-Via Structures and Processes,"Huai-En Lin, Chih Chen - National Yang Ming Chiao Tung University; Wei-Lan Chiu, Hsiang-Hung Chang - Industrial Technology Research Institute",10.1109/ectc51529.2024.00131,https://doi.org/10.1109/ectc51529.2024.00131,https://www.semanticscholar.org/paper/f39670dd765874318acb5fe0c3251d0e8b57198b,가열 AFM으로 nanotwinned-Cu와 일반 Cu 하이브리드 구조의 나노높이·열팽창 변화를 in-situ 비교했다.,
2024,S20-05,core,Thermo-Mechanical Reliability Analysis and Raman Spectroscopy Characterization of Sub-micron Through Silicon Vias (TSVs) for Backside Power Delivery in 3D Interconnects,Session 20 - Novel High-Density 3D & Thru-Via Structures and Processes,"Shuhang Lyu, Thomas Beechem, Tiwei Wei - Purdue University",10.1109/ectc51529.2024.00134,https://doi.org/10.1109/ectc51529.2024.00134,https://www.semanticscholar.org/paper/a9cf374aefd5b68112f473ed893907d462bd097a,서브마이크론 TSV의 열기계 응력을 Raman spectroscopy로 지도화하고 신뢰성 해석과 상관시켰다.,
2024,S21-03,adjacent,Temperature-Dependent Dielectric Characterization of Low Loss Thin Film Polymers up to Sub-THz Bands,Session 21 - Innovations in Polymer Packaging Materials,"Kavin Senthil Murugesan, Jens Schneider, Michael Kaiser, Julia-Marie Köszegi, Lutz Gerhold, Ivan Ndip, Martin Schneider-Ramelow - Fraunhofer IZM; Habib Hichri, Ryohei Oishi, Reki Nakano - Ajinomoto Fine-Techno USA Corporation",10.1109/ectc51529.2024.00139,https://doi.org/10.1109/ectc51529.2024.00139,https://www.semanticscholar.org/paper/29211b7dce6498db49ab67543491c0138e069e78,저손실 박막 폴리머의 유전율·손실을 온도별·sub-THz 대역별로 측정했다.,
2024,S22-05,adjacent,Physical-Based Verification of High-Speed Channel Crosstalk and Correlation with BER Measurements,Session 22 - Signal & Power Integrity for Advanced Packages and Systems,"Po-Wei Chiu, Chao-Chin Lee, Guan-Yu Lin, Jinsung Youn, Youngsoo Lee, Hong Shi, Alan Fang, Santiago Asuncion - Advanced Micro Devices, Inc.",10.1109/ectc51529.2024.00148,https://doi.org/10.1109/ectc51529.2024.00148,https://www.semanticscholar.org/paper/04abcc83dc14450c273836c4accaedfd6563c4fa,고속 채널 crosstalk 모델을 물리 시험차량과 BER 측정으로 검증해 상관 오차를 평가했다.,
2024,S23-07,core,High-Throughput Characterization of Nanoscale Topography for Hybrid Bonding by Optical Interferometry,Session 23 - Novel Bonding Technology for Advanced Assembly Substrates and Integration,"Bongsub Lee, Oliver Zhao, Arianna Avellán, Suhail Sadiq, Gill Fountain, Dominik Suwito, Guilian Gao, Laura Mirkarimi - Adeia",10.1109/ectc51529.2024.00157,https://doi.org/10.1109/ectc51529.2024.00157,https://www.semanticscholar.org/paper/264ed39453dbc2f8bbabcf451f55d00f1fa0f3bc,광간섭계를 이용해 하이브리드 본딩 표면의 나노스케일 topography를 빠르게 측정하고 처리량·반복성을 평가했다.,
2024,S24-03,core,Simulation and Metrological Applications for RDL Patterning Development of Glass Substrate,Session 24 - Advances on Flex and Redistribution Layer Technologies and Warpage,"Chang-Chun Lee - National Tsing Hua University; Jui-Chang Chuang - National Tsing Hua University/Industrial Technology Research Institute; Chen-Tsai Yang, Chung-I Li - Industrial Technology Research Institute; Shih-Hsien Lee, Shih-Hao Kuo - Applied Materials, Inc.",10.1109/ectc51529.2024.00160,https://doi.org/10.1109/ectc51529.2024.00160,https://www.semanticscholar.org/paper/3fed6e19839d92cc28ce0f06098bc97375ae7fb8,유리기판 RDL 패터닝 개발에서 시뮬레이션과 계측 데이터를 연결해 선폭·형상 공정창을 정했다.,
2024,S24-04,core,Monitoring of Wafer Thinning Induced In-Die Mechanical Stress With Embedded Sensors for Heterogeneous Integration,Session 24 - Advances on Flex and Redistribution Layer Technologies and Warpage,"Alberto Piadena, Michele Quarantelli, Sharad Saxena, Christopher Hess, Larg Weiland, Rakesh Vallishayee, Yuan Yu, Tomasz Brozek, Andrzej Strojwas - PDF Solutions",10.1109/ectc51529.2024.00263,https://doi.org/10.1109/ectc51529.2024.00263,https://www.semanticscholar.org/paper/16a31c688b06905ef99581e9f6ef1cb7a28b5f2e,내장 응력센서로 웨이퍼 박막화 과정의 die 내부 기계응력을 단계별로 감시했다.,
2024,S24-06,adjacent,Optimized Simulation Methodology of Warpage and Localized Stress Hotspot Prediction for Assembly Risk Assessment,Session 24 - Advances on Flex and Redistribution Layer Technologies and Warpage,"Zhi Yang, Igor Arsovski, Clint Harames, Jim Miller - Groq; Krishna Mellachervu - ANSYS, Inc.",10.1109/ectc51529.2024.00162,https://doi.org/10.1109/ectc51529.2024.00162,https://www.semanticscholar.org/paper/2c47ddfa651494cc43c4b7d982c75a0af5332b31,워페이지 측정·해석 상관을 바탕으로 조립 중 국부 응력 hotspot과 위험 부위를 빠르게 예측했다.,
2024,S25-02,adjacent,"High Power Thermal Test Vehicle With 2-Phase Cooling for AI Datacenters, 5G RAN, and EDGE Compute Nodes","Session 25 - High-Performance Computing, Design Challenges, and Solutions","Yang Liu, Nagesh Basavanhally, Mark Earnshaw, Todd Salamon, Rick Papazian, Ting-Chen Hu, Mark Cappuzzo, Rose Kopf, David Apigo, Bob Farah - Nokia Bell Labs",10.1109/ectc51529.2024.00165,https://doi.org/10.1109/ectc51529.2024.00165,https://www.semanticscholar.org/paper/6a1a15456abf0d5c29ebf3bf9a8006614c226eeb,고열유속 AI·5G 장치의 2상 냉각을 검증할 고전력 열 시험차량을 설계하고 온도·압력 응답을 계측했다.,
2024,S25-03,adjacent,Block Level and Package Level Thermal Assessment for Back Side Power Delivery Network,"Session 25 - High-Performance Computing, Design Challenges, and Solutions","Melina Lofrano, Herman Oprins, Vladimir Cherman, Liesbeth Witters, Anne Jourdain, Geert Van der Plas, Eric Beyne - imec",10.1109/ectc51529.2024.00166,https://doi.org/10.1109/ectc51529.2024.00166,https://www.semanticscholar.org/paper/ec71c6ccedf70ebd77e9f2ac242735edc54092fc,backside power delivery 구조의 블록·패키지 수준 온도와 열저항을 평가해 방열 병목을 비교했다.,
2024,S27-03,adjacent,"Reliability Analysis of Cu Sintered Die-Attach for SiC Power Devices: Mechanical, Electrical, and Thermal Evaluation",Session 27 - Advanced Die Bond and Board Level Reliability,"Xu Liu, Shaogang Wang, Dong Hu, Paddy French, Guoqi Zhang - Delft University of Technology; Chenshan Gao, Qianming Huang, Huaiyu Ye - Southern University of Science and Technology",10.1109/ectc51529.2024.00180,https://doi.org/10.1109/ectc51529.2024.00180,https://www.semanticscholar.org/paper/052d0a3570f5ee9f334a7f67187be1dd1418fc87,SiC 전력소자의 Cu 소결 die-attach를 기계·전기·열 시험과 파손 분석으로 종합 평가했다.,
2024,S28-01,adjacent,Fiber Array Attach for Co-Packaged Optics: High-Volume Production Process Control and Performance,Session 28 - Optical Interconnections,"Paul Gond-Charton, Sebastien Gouin, Steve Pellerin, Louis-Michel Collin, Michelle Sevigny, Patrick Jacques, Elaine Cyr - IBM Canada, Ltd.",10.1109/ectc51529.2024.00185,https://doi.org/10.1109/ectc51529.2024.00185,https://www.semanticscholar.org/paper/9fd9c641b42f25a1375bb7e76c48818ae00d2496,CPO 파이버 배열 접합의 대량생산 공정제어 항목과 광결합 성능·정렬 수율을 검증했다.,
2024,S28-04,adjacent,High Power Performance Assessment of Low-Loss Spot Size Converter based on Self-Aligned Passive Fiber Attach Process,Session 28 - Optical Interconnections,"Arpan Dasgupta, Jae Kyu Cho, Yusheng Bian, Takako Hirokawa, Zahidur Chowdhury, Farid Barakat, John Garant, Yarong Lin, Thomas Houghton, Arman Najafi, Ryan Sporer, Michelle Zhang - GlobalFoundries, Inc.",10.1109/ectc51529.2024.00188,https://doi.org/10.1109/ectc51529.2024.00188,https://www.semanticscholar.org/paper/01c7fce58ae91bcdfcc686d975e5102475593b66,self-aligned passive fiber attach를 적용한 저손실 spot-size converter의 고광출력 성능과 안정성을 평가했다.,
2024,S28-06,adjacent,Characterization of 224 Gbps/lambda Interconnects in Co-Packaged Optics for Hyperscale Data Centers and AI/ML Clusters,Session 28 - Optical Interconnections,"Jiaqi Wu, Teck Guan Lim, Sajay Bhuvanendran Nair Gourikutty, Surya Bhattacharya - Institute of Microelectronics A*STAR; Xin Li, Jason Tsung-Yang Liow - Rain Tree Photonics Pte. Ltd.",10.1109/ectc51529.2024.00316,https://doi.org/10.1109/ectc51529.2024.00316,https://www.semanticscholar.org/paper/36435580276ba545288c9c7d468e9d185460aa26,224 Gbps/lambda CPO 인터커넥트의 광·전기·열 특성을 데이터센터 조건에서 측정했다.,
2024,S30-02,core,Investigating Sintering Mechanism of 100 nm Ag Nanoparticles via In-Situ SEM Observation and Phase Field Simulation,Session 30 - Process and Hybrid Bonding Modeling and Characterization,"Xiao Hu, Dong Hu, Willem Van Driel, Guoqi Zhang - Delft University of Technology; René Poelma - Nexperia; Jianlin Huang - Ampleon B.V.",10.1109/ectc51529.2024.00198,https://doi.org/10.1109/ectc51529.2024.00198,https://www.semanticscholar.org/paper/b03d39ab1086a721186fb50c855f88f35bce67e5,100 nm Ag 나노입자의 소결 중 neck 성장과 미세조직 변화를 in-situ SEM으로 보고 phase-field 해석과 비교했다.,
2024,S30-04,adjacent,Fan-Out Embedded Bridge Structure for Co-Packaged Optics Characterization and Evaluation,Session 30 - Process and Hybrid Bonding Modeling and Characterization,"Vito Lin, Teny Shih, Andrew Kang, Yu-Po Wang - Siliconware Precision Industries Co., Ltd.",10.1109/ectc51529.2024.00201,https://doi.org/10.1109/ectc51529.2024.00201,https://www.semanticscholar.org/paper/d81fbfbd7cb33cf58299bf0f0fe373660f0a352b,CPO용 fan-out embedded bridge 구조의 조립 정밀도와 광·전기 성능을 특성화했다.,
2024,S30-07,core,Measurement of the Interfacial Strength of Thin Metal Film by Laser Spallation Method for Advanced Wafer Level Package,Session 30 - Process and Hybrid Bonding Modeling and Characterization,"Young-Min Ju, Jin-Young Kim, Hui-Jin Um, Se-Min Lee, Dukyong Kim, Woong-Kyoo Yoo, Seung Hwan Lee, Hak-Sung Kim - Hanyang University; Daewoong Lee, Yeontaek Hwang - SK Hynix, Inc.",10.1109/ectc51529.2024.00204,https://doi.org/10.1109/ectc51529.2024.00204,https://www.semanticscholar.org/paper/bad6e8d9aeb5d50061a7ec4fdc049df85136c21f,레이저 spallation 하중과 파동 해석을 이용해 웨이퍼급 얇은 금속막 계면 강도를 정량 측정했다.,
2024,S31-05,adjacent,Analysis of Thin Flip Chip Chip-Scale Package Warpage Causes and Variations,Session 31 - Advances in Flip Chip and Chip Scale Packages,"Chee S Foong, Nishant Lakhera, Trent Uehling - NXP Semiconductor, Inc.; Amirul Afripin - NXP Malaysia Sdn. Bhd.",10.1109/ectc51529.2024.00209,https://doi.org/10.1109/ectc51529.2024.00209,https://www.semanticscholar.org/paper/06ca38e56d15689dccc7c0c9aafc6cc0d93b7ca8,얇은 FCCSP의 위치·공정별 워페이지를 측정해 주요 변동 원인과 상관 요인을 분석했다.,
2024,S32-01,adjacent,A Microstructural Investigation of Sub-1 µm Copper Bonding Contact Structures in Die-to-Wafer Hybrid Bonding,Session 32 - Advancement in Copper Hybrid Bonding Technologies Common to Multiple Applications,"Sari Al Zerey, Junghyun Cho - State University of New York at Binghamton; Roy Yu, Katsuyuki Sakuma - IBM Research",10.1109/ectc51529.2024.00212,https://doi.org/10.1109/ectc51529.2024.00212,https://www.semanticscholar.org/paper/bba695c57500d07c6f0bfb88d84b5fc9954e7239,서브-1 µm D2W Cu 접촉 구조의 단면과 결정립·계면을 미세조직 분석해 접합 상태를 평가했다.,
2024,S32-03,core,Copper Microstructure Effect on Electromigration Investigated by In Situ SEM EBSD Technique,Session 32 - Advancement in Copper Hybrid Bonding Technologies Common to Multiple Applications,"Yaqian Zhang, Sten Vollebregt, Guoqi Zhang - Delft University of Technology",10.1109/ectc51529.2024.00214,https://doi.org/10.1109/ectc51529.2024.00214,https://www.semanticscholar.org/paper/886e995c618175b529d5c2ea9b06a4a46a8cdbae,in-situ SEM-EBSD로 Cu 결정방향과 전자이동 손상을 동시 추적해 미세조직-수명 관계를 분석했다.,
2024,S35-05,adjacent,Correlation of Mechanical and Microstructural Evolutions in Lead Free Solders Subjected to Various Thermal Exposures,Session 35 - Reliability and Current Stressing of Solder Interconnections,"Mohammad Al Ahsan, S M Kamrul Hasan, Souvik Chakraborty, Jeffrey Suhling, Pradeep Lall - Auburn University",10.1109/ectc51529.2024.00237,https://doi.org/10.1109/ectc51529.2024.00237,https://www.semanticscholar.org/paper/2d9f123bade668bf81eaa7278d6f4616ffd25b05,열노출에 따른 무연솔더의 인장 물성·결정립 변화를 측정해 기계 열화와 미세조직 진화를 연결했다.,
2024,S35-06,adjacent,Pad Cratering and Pin Pull Strength for Large BGA and Connectors - How Are They Correlated?,Session 35 - Reliability and Current Stressing of Solder Interconnections,"Dongji Xie, Joe Hai, Vivienne Zou, Zhongming Wu, Minghong Jian - Nvidia Corporation",10.1109/ectc51529.2024.00238,https://doi.org/10.1109/ectc51529.2024.00238,https://www.semanticscholar.org/paper/9546357b5e3e0985a500de2dddc4501a18452f97,대형 BGA·커넥터에서 pad cratering과 pin-pull 강도를 함께 측정해 두 시험 지표의 상관성을 검토했다.,
2024,S36-06,core,Heat Dissipation Measurement in Flip-Chip Package Using Microfabricated Temperature Sensors on Lid,Session 36 - Thermal Management and Cooling Solutions,"Arsène Guédon, Nizar Bouguerra, Étienne Paradis, Dominique Drouin - University of Sherbrooke; Éric Duchesne, Stéphanie Allard - IBM Canada, Ltd.; Hél`ene Frémont - University of Bordeaux",10.1109/ectc51529.2024.00245,https://doi.org/10.1109/ectc51529.2024.00245,https://www.semanticscholar.org/paper/7e211268e39cb1345c69d4d9a7afabd43bd9e82c,플립칩 패키지 lid에 미세온도센서를 제작해 열원별 방열량과 온도 분포를 직접 측정했다.,
2024,S37-12,adjacent,Electrical Characterization and Reliability Studies of Nano-TSV,Session 37 - Thermo-mechanical Stress and Reliability Analysis for Materials in Future Packaging,"Ya-Ching Tseng, Daniel Lau, Simon Chun Kiat Goh, King Jien Chui - Institute of Microelectronics A*STAR",10.1109/ectc51529.2024.00258,https://doi.org/10.1109/ectc51529.2024.00258,https://www.semanticscholar.org/paper/feed10c45097e28ee5ba1461f8973c1b2205bffc,nano-TSV의 저항·누설과 스트레스 신뢰성 결과를 측정해 구조·공정별 열화를 비교했다.,
2024,S37-20,core,Method to Evaluate the Adhesion Distribution on Wafers,Session 37 - Thermo-mechanical Stress and Reliability Analysis for Materials in Future Packaging,"Tatsumasa Hiratsuka, Takaaki Hirano, Kengo Kotoo, Nobutoshi Fujii, Suguru Saito, Shoji Kobayashi, Yoshiya Hagimoto, Hayato Iwamoto - Sony Semiconductor Solutions Corporation",10.1109/ectc51529.2024.00267,https://doi.org/10.1109/ectc51529.2024.00267,https://www.semanticscholar.org/paper/c89437904db2361eec2a4f9900e92ecdb89f4071,웨이퍼 전면의 접착력 분포를 위치별로 평가하는 시편·측정 절차를 제안해 국부 약접합을 지도화했다.,
2024,S37-24,adjacent,Study of Damage Development in Under-Bump Interconnects by Thermo-Mechanical Stress in Package Interconnects,Session 37 - Thermo-mechanical Stress and Reliability Analysis for Materials in Future Packaging,"Jorge Mendoza, Choong-Un Kim - University of Texas, Arlington; Hung-Yun Lin - Texas Instruments, Inc.",10.1109/ectc51529.2024.00272,https://doi.org/10.1109/ectc51529.2024.00272,https://www.semanticscholar.org/paper/5ea7ab89548f862845328a066dbdd567db1cabe4,열기계 하중 중 under-bump 인터커넥트 손상 진전을 단면·영상 분석으로 추적했다.,
2024,S37-26,core,Automated Solder Joint Failure Mode Analysis Based on Dry and Pry Image Processing,Session 37 - Thermo-mechanical Stress and Reliability Analysis for Materials in Future Packaging,"Yinan Lu, Chaolun Zheng, Andrew Huang, Hedan Zhang, Bee Chin Loke, Ning Ye, Bo Yang - Western Digital Corporation",10.1109/ectc51529.2024.00274,https://doi.org/10.1109/ectc51529.2024.00274,https://www.semanticscholar.org/paper/0af018ad02fcb556b40f61495e59146143575ece,dry-and-pry 뒤 얻은 솔더 조인트 영상을 자동 처리해 파손 모드를 분류하고 수작업 FA를 줄였다.,
2024,S38-03,adjacent,Quantifying Uncertainties in the Correlation of Simulations and Measurements Using the IEEE EPS Packaging Benchmark Suite,"Session 38 - Photonics, mm-Wave Applications & Emerging Technologies","Jonatan Aronsson - CEMWorks, Inc.; Kemal Aygun - Intel Corporation",10.1109/ectc51529.2024.00277,https://doi.org/10.1109/ectc51529.2024.00277,https://www.semanticscholar.org/paper/522a4d8699bb6e1610e1d459ad325eb02cc3f9a1,IEEE EPS 패키징 benchmark에서 시뮬레이션-측정 상관의 불확도 원인을 정량화했다.,
2024,S38-20,adjacent,Comprehensive Socket Characterization and Correlation for High-Speed Interface Testing System,"Session 38 - Photonics, mm-Wave Applications & Emerging Technologies","Varin Sriboonlue, Yeseul Jeon, Gerardo R. Luevano, Chris Ferguson, Ennai Ochoa - Qualcomm Technologies, Inc.",10.1109/ectc51529.2024.00294,https://doi.org/10.1109/ectc51529.2024.00294,https://www.semanticscholar.org/paper/870088b7037f059f426e33c92b4396094101ba48,고속 인터페이스 시험용 소켓의 접촉·S-parameter를 종합 측정하고 모델·시스템 시험과 상관시켰다.,
2024,S38-21,core,A Novel Method for LPDDR5 DRAM Jitter Measurement Through De-Embedding,"Session 38 - Photonics, mm-Wave Applications & Emerging Technologies","Manho Lee, Chulhee Cho, Hyeongi Lee, Sehoon Park, Wonseok Hong, ByungSuk Woo, Woo-Shin Choi, Young-Chul Cho, Young-Soo Sohn, Jung-Hwan Choi - Samsung Electronics Co., Ltd.",10.1109/ectc51529.2024.00295,https://doi.org/10.1109/ectc51529.2024.00295,https://www.semanticscholar.org/paper/063e8864e95b0aff7e6556f2417976ae2dd3ef82,패키지·보드 채널 효과를 de-embedding해 LPDDR5 DRAM의 실제 jitter를 분리 측정하는 방법을 제안했다.,
2024,S39-01,core,A Novel Detection Applied on Micro Defect in Bump Interface for 2.5DIC Package,Session 39 - Bonding Process and Analysis in Next-generation Interconnects,"Yi-Sheng Lin, Yu-Hsiang Hsiao, Cheng-Hsin Liu, Fan-Ju Hsiao - Advanced Semiconductor Engineering, Inc.",10.1109/ectc51529.2024.00301,https://doi.org/10.1109/ectc51529.2024.00301,https://www.semanticscholar.org/paper/6243eb0286eac15cac180a6d67cce4c305f2d65c,"기능검사로 찾지 못한 2.5DIC 마이크로범프 결함을 전기 fault isolation, micro-probing, FIB·성분분석 순으로 국소화했다.",
2024,S39-06,adjacent,Influence of Heat Treatment on the Quality of Die-to-Wafer Hybrid Bond Interconnects,Session 39 - Bonding Process and Analysis in Next-generation Interconnects,"Laura Wenzel, Catharina Rudolph, Adil Shehzad, Iuliana Panchenko, Manuela Junghähnel - Fraunhofer IZM; Partha Mukhopadhyay, H. Jim Fulford - Tokyo Electron America, Inc.",10.1109/ectc51529.2024.00306,https://doi.org/10.1109/ectc51529.2024.00306,https://www.semanticscholar.org/paper/f8628b220e93b77a018f3666d7b1ce94ee95345a,D2W 하이브리드 본딩 열처리 온도별 Cu 계면을 SEM·EBSD·IR로 비교해 접합 폐쇄와 결정방향 변화를 확인했다.,
2024,S39-14,core,A Unified and Adaptive Continual Learning Method for Feature Segmentation of Buried Packages in 3D XRM Images,Session 39 - Bonding Process and Analysis in Next-generation Interconnects,"Richard Chang, Jie Wang, Namrata Thakur, Ramanpreet Pahwa, Yang Xulei - Institute for Infocomm Research A*STAR",10.1109/ectc51529.2024.00314,https://doi.org/10.1109/ectc51529.2024.00314,https://www.semanticscholar.org/paper/874ae15d5758ce0096b09f7c57febf3181c41c19,3D XRM 패키지 영상에서 이전 데이터를 다시 쓰지 않고 새 결함 클래스를 학습하는 continual segmentation으로 검사 확장 비용을 낮췄다.,
2024,S39-22,core,Analysis of Vacancies in Wafer-Bonding Interface Via Positron Annihilation Lifetime Spectroscopy,Session 39 - Bonding Process and Analysis in Next-generation Interconnects,"Sotetsu Saito, Nobutoshi Fujii, Shunsuke Furuse, Naoki Ogawa, Suguru Saito, Yoshiya Hagimoto, Hayato Iwamoto - Sony Semiconductor Solutions Corporation",10.1109/ectc51529.2024.00324,https://doi.org/10.1109/ectc51529.2024.00324,https://www.semanticscholar.org/paper/32d38de627a477db0ba2479b719b4c26003c31e9,positron annihilation lifetime spectroscopy로 본딩 계면의 미세 vacancy/gap 분포를 검출해 수분과 접합강도 형성 메커니즘을 설명했다.,
2024,S40-01,adjacent,Characterization of Warpage of Ultra-Low-K Dielectric Materials and Correlation With Modulus and Coefficient of Thermal Expansion,"Session 40 - Materials, Manufacturing and Assembly Techniques in Advanced Packaging Solutions","Mohanalingam Kathaperumal, Pragna Bhaskar, Austin Toro, Pratik Nimbalkar, Lila Dahal, Muhannad Bakir - Georgia Institute of Technology",10.1109/ectc51529.2024.00332,https://doi.org/10.1109/ectc51529.2024.00332,https://www.semanticscholar.org/paper/4c8c06d4624f3e46a7412ffa042a54894e88291b,초저유전 폴리머층의 워페이지를 측정해 탄성률·CTE·표면거칠기와 미세 RDL 수율의 관계를 분석했다.,
2024,S40-04,adjacent,Mechanical Characterization and Modeling of iSAC Lead-Free Solder,"Session 40 - Materials, Manufacturing and Assembly Techniques in Advanced Packaging Solutions","Golam Rakib Mazumder, Souvik Chakraborty, Mahbub Alam Maruf, Mohammad Al Ahsan, Jeffrey Suhling, Pradeep Lall - Auburn University",10.1109/ectc51529.2024.00335,https://doi.org/10.1109/ectc51529.2024.00335,https://www.semanticscholar.org/paper/b5a21a4c4a92e8692d8f7ba3479f69db98554788,iSAC 솔더의 온도·변형률속도별 인장 데이터를 측정해 Anand 파라미터를 추출하고 패키지 해석에 적용했다.,
2024,S40-05,adjacent,Novel SiO 2 Cables With Edge Launch Connectors for High Temperature RF Measurements,"Session 40 - Materials, Manufacturing and Assembly Techniques in Advanced Packaging Solutions","Firas Alshatnawi, Ashraf Umar, Emuobosan Enakerakpo, Mohamed Abdelatty, W.T. Alshaibani, Mohammed Alhendi, David Shaddock, Peter Borgesen, Mark Poliks - Binghamton University",10.1109/ectc51529.2024.00336,https://doi.org/10.1109/ectc51529.2024.00336,https://www.semanticscholar.org/paper/2d61be6e23fdc8baab47da46a537d0d6317eaa58,600°C용 SiO2 케이블·edge-launch connector를 제작해 반복 고온 노출 전후 RF 측정 성능을 검증했다.,
2024,S40-20,adjacent,Effect of Material Aging on the Reliability of an Automotive BGA Device Under Temperature Cycling Test Conditions,"Session 40 - Materials, Manufacturing and Assembly Techniques in Advanced Packaging Solutions","Abdullah Fahim, Ryan Zhang, Amar Mavinkurve, Sandeep Shantaram, Ali Rezaie Adli, Wiwat Tanwongwan, Torsten Hauck - NXP Semiconductor, Inc.",10.1109/ectc51529.2024.00352,https://doi.org/10.1109/ectc51529.2024.00352,https://www.semanticscholar.org/paper/5c72c82a9e3333159fb91a6f5842985476d4ffd8,자동차 BGA의 장기 온도사이클 전후 재료 물성과 균열을 비교해 산화 노화가 파손의 주원인임을 분석했다.,
2024,S40-21,core,"Overlay Challenges of Extremely Large Exposure Field, Fine Resolution Lithography Due to Alignment Solution Errors and a Solution Using Early Zone Corrections in Advanced IC Substrates","Session 40 - Materials, Manufacturing and Assembly Techniques in Advanced Packaging Solutions","John Chang, Xin Song, Timothy Chang - Onto Innovation",10.1109/ectc51529.2024.00353,https://doi.org/10.1109/ectc51529.2024.00353,https://www.semanticscholar.org/paper/63590a19674e97f297b8557ea432a0a428f1733e,대면적 미세 RDL 노광의 정렬해 오차를 영역별로 분석·보정하는 early-zone correction으로 오버레이를 개선했다.,
2024,S40-28,adjacent,Panel Level Plasma Etching Characteristics for Advanced Packaging,"Session 40 - Materials, Manufacturing and Assembly Techniques in Advanced Packaging Solutions","Md Ishak Khan, Wei Wei, Haobo Chen, Xiyu Hu, Nicholas Haehn, Xiaoying Guo, Leonel Arana - Intel Corporation; Kensuke Akazawa - ULVAC, Inc.",,,,제목 기준: 첨단 패키징용 패널급 플라즈마 식각의 공정 특성과 균일도를 평가한다.,공개 초록 미확보; 한국어 문장은 제목 기준 설명
2024,S41-06,core,Fabrication and Testing of In-Line Structures for Non-Destructive Study of Solder Electromigration: Applications to SnBi Low Temperature Solder,Session 41 - Student Posters,"Chetan Jois, Pei-En Chou, Ganesh Subbarayan - Purdue University",10.1109/ectc51529.2024.00368,https://doi.org/10.1109/ectc51529.2024.00368,https://www.semanticscholar.org/paper/574dbec0c414a87c2b52f0f5584ffe1862ecf86d,단면 절단 없이 반복 열노화·전자이동을 관찰할 수 있는 in-line SnBi 시험구조를 제작해 Bi 편석 속도를 측정했다.,
2024,S41-08,adjacent,Manufacturing and Characterization of Planar Transformers as Molded Interconnect Device Technology Component for an Industrial Production,Session 41 - Student Posters,"Tim Nils Bierwirth, Folke Dencker, Marc Christopher Wurz - Leibniz University Hannover; Sebastian Bengsch, Michael Werner, Christian Henne, Stefan Bur - Ensinger GmbH; Rico Wachs - Tridelta Weichferrite GmbH",10.1109/ectc51529.2024.00370,https://doi.org/10.1109/ectc51529.2024.00370,https://www.semanticscholar.org/paper/5a8eb30dffcabfeb79f3dbf6f588a8f155c151b1,사출성형 MID 변압기를 제작해 인덕턴스·결합계수를 측정하고 CT로 ferrite core 균열을 확인했다.,
2024,S41-23,adjacent,Creep Properties of SAC305 Solder Specimens that Mimic the Microstructures of a Micro Solder Ball: Measurement and BLR Prediction,Session 41 - Student Posters,"You-Gwon Kim, Heon-Su Kim, Tae-Wan Kim, Seong-Ung Ryu, Hak-Sung Kim - Hanyang University; Yongrae Jang, Bongtae Han - University of Maryland; Jun-Hyeong Lee, Jin-Kyu Kim - DUKSAN Hi-Metal Co., Ltd.",10.1109/ectc51529.2024.00384,https://doi.org/10.1109/ectc51529.2024.00384,https://www.semanticscholar.org/paper/561d1df7cc37a2652609cf1738a44d39f81ab192,마이크로 솔더볼과 유사한 SAC305 시편을 만들어 결정립·IMC를 확인하고 creep 측정과 BLR 수명예측 절차를 제시했다.,
2024,S41-27,core,Demystifying Edge Cases in Advanced IC Packaging Inspection Through Novel Explainable AI Metrics,Session 41 - Student Posters,"Shajib Ghosh, Antika Roy, Md Mahfuz Al Hasan, Patrick Craig, Nitin Varshney, Sanjeev J. Koppal, Navid Asadizanjani - University of Florida",10.1109/ectc51529.2024.00388,https://doi.org/10.1109/ectc51529.2024.00388,https://www.semanticscholar.org/paper/7a392ccc12346489d035519408c14d56df47625b,첨단 패키지 검사에서 XAI가 제시하는 이상 근거를 평가할 표준 지표를 제안해 드문 edge case의 설명 신뢰도를 다뤘다.,
